日期,天气代码,最高气温,最低气温,降水量
2026-07-04,63,20.9,16.7,9.2
2026-07-05,63,21.4,15.9,10.3
2026-07-06,63,21.4,15.7,13.8
2026-07-07,53,22.4,15.3,4.0
2026-07-08,55,20.2,15.4,6.1
2026-07-09,63,23.0,15.6,10.8
2026-07-10,55,24.8,16.6,4.9
2026-07-11,51,25.6,17.2,0.3
2026-07-12,63,24.6,17.6,5.0
2026-07-13,53,25.2,18.0,3.3
2026-07-14,61,24.4,18.3,5.3
2026-07-15,51,23.7,16.0,0.4
2026-07-16,53,23.4,16.3,
2026-07-17,53,24.6,17.2,2.5
2026-07-18,63,24.2,18.0,7.9
2026-07-19,63,19.3,16.0,18.1
2026-07-20,63,18.3,16.0,25.3
2026-07-21,61,19.9,15.8,6.3
2026-07-22,53,21.5,16.0,3.4
2026-07-23,51,22.2,16.4,0.7
2026-07-24,51,24.4,17.3,0.5
2026-07-25,53,25.8,17.9,1.6
2026-07-26,61,20.4,15.2,11.5
2026-07-27,65,16.4,14.8,53.5
2026-07-28,61,20.6,15.2,7.1
2026-07-29,63,22.2,15.3,9.3
2026-07-30,3,21.6,15.1,0.0
2026-07-31,51,23.2,14.3,0.1
2026-08-01,51,22.9,16.5,0.8
2026-08-02,53,21.8,15.6,1.3
2026-08-03,51,21.2,14.5,0.7
2026-08-04,3,24.1,16.9,0.0
2026-08-05,51,23.4,16.5,0.7
2026-08-06,55,23.9,16.2,3.2
2026-08-07,51,23.8,16.4,
2026-08-08,53,23.9,16.4,1.4
2026-08-09,53,23.2,15.9,4.5
2026-08-10,61,16.4,14.0,14.4
2026-08-11,61,15.7,14.0,17.5
2026-08-12,51,21.2,13.0,0.7
2026-08-13,61,21.0,14.6,4.5
2026-08-14,53,19.8,14.3,3.4
2026-08-15,51,20.3,14.5,2.7
2026-08-16,53,20.8,14.0,2.9
2026-08-17,53,22.6,14.8,2.9
2026-08-18,61,22.7,,3.7
2026-08-19,51,23.9,16.0,1.8
2026-08-20,53,24.0,16.5,2.6
2026-08-21,61,22.0,17.0,7.1
2026-08-22,51,23.9,16.5,2.1
2026-08-23,63,23.0,16.6,9.6
2026-08-24,63,20.6,16.3,34.4
2026-08-25,55,21.0,16.3,3.5
2026-08-26,53,21.5,15.6,3.6
2026-08-27,51,22.4,15.3,1.1
2026-08-28,51,24.6,16.2,0.2
2026-08-29,63,17.9,16.0,50.3
2026-08-30,63,21.9,15.8,
2026-08-31,63,17.6,14.1,10.0
2026-09-01,61,19.3,12.8,8.8
2026-09-02,63,15.3,13.5,25.5
2026-09-03,63,14.5,13.2,39.1
2026-09-04,61,15.6,13.3,14.6
2026-09-05,65,19.9,12.4,33.3
2026-09-06,51,20.9,13.2,2.1
2026-09-07,51,20.2,13.3,1.9
2026-09-08,3,21.9,12.9,0.0
2026-09-09,51,19.6,11.8,0.6
2026-09-10,3,16.4,9.9,0.0
2026-09-11,53,17.1,7.3,2.9
2026-09-12,51,19.0,9.8,0.5
2026-09-13,53,20.0,12.9,
2026-09-14,3,21.9,13.6,0.0
2026-09-15,53,20.2,12.3,3.4
2026-09-16,51,21.2,12.9,1.1
2026-09-17,65,21.7,13.8,13.7
2026-09-18,63,18.9,13.7,11.2
2026-09-19,53,20.9,13.8,3.0
2026-09-20,51,22.0,13.7,2.0
2026-09-21,51,22.7,14.5,1.5
2026-09-22,63,21.2,14.4,9.3
2026-09-23,53,20.8,14.5,1.8
2026-09-24,53,22.2,13.3,1.4
2026-09-25,53,23.3,15.6,1.7
2026-09-26,51,22.9,16.7,1.3
2026-09-27,51,23.2,16.9,1.0
2026-09-28,51,23.5,17.2,1.8
2026-09-29,53,22.5,16.4,2.0
2026-09-30,63,21.1,14.9,6.5
2026-10-01,63,17.7,11.9,19.5
